order_id,customer_id,product_id,quantity,order_date
1,35,44,3,2026-04-27
2,63,9,4,2026-05-21
3,46,50,4,2026-05-09
4,80,2,2,2026-02-28
5,100,16,2,2026-04-09
6,33,20,1,2026-05-06
7,88,6,3,2026-03-30
8,79,46,2,2026-05-02
9,94,15,3,2026-03-07
10,100,21,4,2026-05-15
11,85,31,5,2026-04-20
12,43,47,4,2026-04-12
13,58,38,4,2026-05-15
14,34,39,3,2026-05-09
15,8,48,5,2026-03-22
16,97,17,3,2026-04-16
17,51,1,5,2026-04-23
18,44,17,3,2026-03-24
19,86,33,5,2026-05-02
20,79,12,3,2026-03-21
21,10,41,3,2026-05-04
22,80,41,3,2026-02-26
23,15,44,3,2026-05-09
24,50,31,3,2026-05-23
25,95,13,1,2026-05-24
26,6,46,2,2026-03-15
27,25,38,1,2026-02-27
28,34,50,5,2026-04-04
29,73,31,5,2026-03-16
30,18,26,2,2026-04-29
31,50,44,3,2026-05-20
32,12,42,5,2026-04-01
33,98,38,2,2026-04-25
34,81,2,5,2026-04-23
35,5,26,4,2026-03-12
36,72,21,1,2026-02-26
37,53,44,1,2026-03-04
38,82,14,4,2026-04-21
39,90,11,4,2026-05-19
40,29,9,1,2026-02-24
41,99,31,4,2026-05-02
42,88,45,5,2026-02-26
43,14,37,3,2026-04-21
44,10,45,5,2026-05-03
45,53,18,2,2026-04-08
46,3,44,3,2026-05-06
47,77,19,2,2026-04-16
48,74,5,3,2026-03-28
49,91,25,4,2026-04-06
50,87,11,1,2026-05-22
51,96,48,1,2026-05-13
52,9,28,2,2026-03-28
53,18,8,5,2026-03-12
54,10,48,3,2026-02-24
55,81,10,2,2026-03-26
56,49,50,4,2026-02-28
57,58,41,4,2026-05-01
58,71,13,5,2026-04-21
59,93,36,5,2026-03-17
60,27,23,1,2026-04-07
61,99,42,5,2026-02-27
62,42,40,2,2026-05-16
63,20,11,3,2026-03-04
64,67,45,4,2026-04-02
65,98,33,1,2026-05-12
66,100,36,3,2026-04-01
67,5,37,5,2026-04-10
68,59,3,3,2026-04-14
69,28,41,1,2026-04-19
70,65,22,1,2026-04-22
71,25,45,5,2026-04-06
72,97,13,3,2026-05-07
73,78,18,1,2026-05-12
74,20,24,4,2026-05-20
75,80,30,1,2026-03-12
76,22,20,2,2026-04-03
77,57,11,1,2026-05-12
78,83,39,2,2026-03-04
79,37,29,3,2026-04-17
80,92,35,3,2026-04-03
81,94,22,3,2026-04-21
82,91,12,1,2026-03-27
83,62,44,5,2026-04-03
84,96,38,4,2026-04-26
85,41,41,3,2026-04-18
86,12,10,1,2026-03-21
87,30,10,4,2026-05-23
88,68,2,5,2026-03-12
89,95,23,4,2026-04-28
90,63,21,5,2026-03-25
91,52,24,4,2026-04-13
92,56,19,1,2026-05-18
93,37,14,1,2026-04-14
94,98,15,3,2026-02-27
95,37,5,2,2026-04-12
96,24,6,1,2026-05-03
97,64,23,2,2026-05-05
98,67,43,2,2026-03-06
99,13,1,1,2026-04-12
100,96,46,5,2026-04-08
101,87,8,2,2026-04-20
102,63,5,5,2026-04-28
103,82,18,4,2026-03-30
104,32,24,1,2026-04-28
105,55,46,5,2026-05-09
106,19,48,4,2026-03-03
107,33,21,1,2026-03-31
108,75,30,4,2026-03-04
109,46,9,1,2026-04-13
110,93,40,2,2026-04-10
111,66,45,5,2026-04-16
112,41,30,5,2026-04-03
113,28,21,3,2026-03-19
114,17,47,4,2026-05-12
115,98,9,1,2026-04-23
116,16,29,1,2026-03-07
117,14,19,5,2026-05-22
118,82,8,5,2026-03-30
119,11,45,3,2026-03-02
120,38,26,2,2026-03-07
121,1,7,1,2026-03-02
122,59,39,5,2026-05-05
123,34,34,3,2026-03-06
124,21,13,3,2026-05-24
125,48,15,2,2026-03-23
126,65,20,3,2026-04-30
127,67,32,4,2026-03-21
128,65,17,3,2026-03-20
129,12,4,1,2026-02-24
130,71,12,5,2026-03-17
131,76,22,4,2026-05-17
132,48,2,3,2026-04-20
133,11,39,1,2026-04-03
134,7,10,3,2026-05-04
135,73,18,4,2026-03-15
136,64,15,1,2026-04-01
137,37,40,4,2026-03-21
138,91,22,5,2026-03-07
139,62,26,2,2026-03-21
140,14,19,4,2026-05-10
141,26,1,4,2026-05-03
142,89,5,5,2026-05-01
143,41,30,4,2026-04-17
144,82,20,1,2026-04-25
145,66,35,4,2026-03-09
146,47,19,5,2026-05-01
147,10,48,2,2026-03-25
148,20,44,1,2026-04-04
149,30,39,3,2026-04-27
150,57,44,1,2026-04-12
151,1,43,1,2026-04-16
152,20,27,2,2026-03-23
153,75,31,4,2026-05-08
154,93,22,2,2026-05-20
155,56,13,5,2026-03-14
156,90,28,1,2026-04-07
157,4,50,1,2026-05-15
158,37,15,4,2026-05-01
159,64,44,1,2026-03-06
160,24,27,1,2026-05-04
161,29,5,3,2026-03-29
162,38,1,2,2026-03-29
163,25,28,4,2026-05-14
164,88,50,1,2026-04-20
165,3,13,4,2026-03-19
166,73,19,4,2026-03-10
167,42,31,2,2026-05-20
168,24,43,5,2026-03-06
169,95,44,1,2026-03-28
170,93,44,4,2026-05-15
171,17,49,1,2026-04-18
172,70,9,3,2026-05-07
173,64,20,2,2026-03-11
174,79,18,1,2026-03-29
175,38,8,2,2026-04-23
176,48,12,4,2026-03-19
177,26,37,3,2026-03-04
178,94,38,5,2026-05-15
179,3,24,5,2026-04-12
180,44,40,2,2026-03-25
181,4,44,5,2026-03-09
182,99,24,1,2026-03-11
183,93,42,1,2026-02-28
184,58,29,4,2026-03-05
185,45,46,3,2026-03-26
186,87,4,3,2026-04-17
187,99,11,5,2026-05-02
188,41,22,3,2026-03-11
189,40,43,5,2026-04-01
190,16,29,5,2026-03-18
191,69,21,3,2026-04-01
192,76,37,1,2026-03-05
193,40,30,5,2026-03-08
194,21,10,2,2026-04-19
195,57,22,3,2026-03-17
196,46,3,1,2026-05-16
197,16,20,2,2026-03-31
198,31,47,2,2026-03-11
199,75,28,3,2026-04-18
200,10,46,1,2026-04-14
201,75,44,1,2026-04-06
202,96,29,2,2026-03-27
203,52,19,4,2026-05-13
204,79,41,4,2026-04-29
205,33,23,2,2026-05-08
206,43,34,4,2026-04-21
207,64,12,1,2026-04-03
208,57,27,1,2026-04-15
209,24,34,1,2026-03-03
210,78,38,3,2026-03-10
211,75,3,3,2026-05-09
212,66,40,3,2026-05-12
213,24,40,4,2026-05-24
214,67,30,5,2026-04-22
215,77,26,1,2026-05-06
216,43,6,1,2026-03-03
217,95,10,2,2026-04-27
218,98,17,2,2026-05-04
219,59,32,2,2026-03-09
220,97,1,5,2026-02-26
221,24,47,3,2026-03-23
222,87,44,4,2026-05-02
223,68,22,3,2026-04-26
224,71,2,4,2026-05-01
225,89,13,5,2026-05-14
226,28,23,4,2026-03-12
227,64,49,4,2026-03-17
228,77,13,1,2026-04-26
229,5,41,3,2026-04-24
230,29,39,3,2026-03-25
231,60,49,4,2026-04-22
232,89,42,2,2026-03-16
233,7,50,5,2026-04-06
234,35,37,5,2026-04-29
235,14,16,1,2026-05-13
236,67,25,5,2026-03-16
237,70,9,2,2026-05-17
238,9,47,3,2026-04-09
239,52,49,2,2026-03-06
240,89,22,1,2026-04-01
241,87,25,3,2026-05-02
242,100,48,1,2026-05-07
243,50,47,2,2026-04-27
244,34,22,2,2026-05-24
245,28,25,3,2026-04-22
246,12,30,2,2026-03-22
247,60,40,4,2026-05-07
248,47,32,5,2026-04-02
249,17,20,3,2026-02-27
250,15,23,3,2026-03-31
251,15,10,2,2026-03-30
252,46,14,2,2026-04-19
253,92,49,2,2026-05-05
254,14,9,4,2026-04-09
255,99,21,2,2026-05-13
256,42,24,5,2026-03-21
257,56,26,1,2026-03-09
258,25,39,1,2026-04-18
259,51,19,5,2026-05-10
260,79,4,2,2026-03-31
261,34,8,3,2026-04-07
262,3,50,2,2026-04-11
263,73,20,5,2026-03-01
264,79,34,1,2026-05-07
265,22,8,3,2026-05-21
266,34,37,1,2026-03-27
267,90,1,4,2026-04-05
268,94,40,3,2026-05-04
269,66,33,5,2026-04-30
270,62,18,5,2026-03-12
271,38,15,4,2026-04-30
272,30,17,2,2026-03-05
273,49,24,2,2026-02-24
274,81,29,2,2026-03-04
275,13,30,4,2026-03-17
276,12,31,3,2026-04-13
277,17,23,4,2026-04-19
278,40,2,3,2026-05-08
279,98,28,2,2026-04-21
280,13,35,1,2026-02-25
281,35,28,4,2026-03-01
282,73,1,1,2026-05-08
283,88,28,1,2026-05-14
284,10,19,1,2026-05-10
285,17,50,4,2026-03-24
286,84,32,3,2026-03-25
287,76,45,5,2026-03-31
288,38,49,4,2026-05-05
289,56,6,1,2026-05-22
290,28,8,1,2026-05-18
291,4,22,2,2026-04-02
292,62,36,2,2026-04-25
293,80,37,3,2026-05-19
294,34,30,4,2026-03-04
295,77,42,3,2026-03-07
296,36,44,5,2026-05-22
297,94,32,1,2026-05-24
298,86,2,3,2026-04-06
299,66,36,5,2026-03-09
300,48,34,1,2026-03-28
301,65,6,2,2026-04-07
302,53,33,3,2026-05-10
303,88,9,4,2026-05-16
304,48,1,4,2026-04-16
305,23,10,1,2026-04-22
306,49,3,3,2026-02-25
307,75,34,5,2026-04-27
308,98,22,1,2026-05-05
309,94,3,1,2026-03-02
310,78,5,1,2026-04-14
311,23,37,5,2026-03-03
312,69,9,3,2026-03-11
313,12,31,5,2026-04-20
314,75,18,3,2026-02-26
315,35,21,2,2026-04-15
316,50,6,1,2026-03-06
317,9,25,4,2026-03-19
318,95,26,4,2026-05-19
319,63,37,3,2026-03-29
320,44,1,1,2026-03-12
321,80,23,5,2026-05-11
322,85,6,2,2026-03-31
323,55,5,1,2026-03-26
324,88,42,3,2026-04-30
325,56,34,4,2026-03-25
326,61,49,3,2026-02-24
327,46,42,3,2026-04-12
328,13,13,2,2026-04-05
329,66,4,1,2026-04-06
330,28,1,1,2026-04-03
331,69,37,4,2026-04-26
332,82,20,4,2026-03-21
333,38,3,2,2026-04-28
334,57,23,5,2026-05-12
335,25,2,1,2026-03-12
336,20,45,1,2026-03-12
337,44,31,2,2026-04-21
338,96,21,3,2026-05-23
339,89,22,4,2026-03-02
340,25,31,3,2026-05-14
341,29,20,5,2026-05-04
342,100,17,3,2026-04-12
343,50,34,1,2026-03-29
344,51,20,2,2026-03-10
345,4,23,3,2026-03-18
346,65,1,2,2026-03-15
347,50,47,5,2026-05-02
348,80,14,5,2026-03-24
349,50,28,1,2026-05-20
350,65,13,1,2026-04-12
351,27,12,2,2026-04-27
352,87,13,5,2026-02-25
353,68,12,1,2026-02-25
354,12,40,4,2026-05-15
355,74,1,3,2026-04-15
356,97,49,1,2026-03-01
357,92,13,2,2026-05-05
358,25,46,5,2026-05-15
359,99,22,5,2026-05-13
360,49,42,2,2026-03-25
361,80,44,1,2026-03-09
362,75,13,5,2026-04-08
363,64,50,4,2026-05-09
364,54,19,2,2026-03-21
365,2,40,5,2026-03-13
366,37,19,5,2026-05-12
367,44,1,4,2026-03-15
368,73,45,4,2026-03-18
369,22,24,5,2026-05-24
370,48,31,5,2026-05-04
371,33,9,2,2026-05-24
372,51,36,4,2026-03-29
373,10,33,1,2026-04-25
374,29,19,1,2026-04-11
375,16,33,4,2026-05-14
376,58,24,5,2026-02-24
377,38,13,5,2026-03-16
378,48,28,2,2026-03-09
379,51,7,1,2026-03-31
380,4,11,1,2026-02-26
381,39,17,3,2026-03-18
382,5,43,1,2026-04-13
383,81,12,5,2026-05-09
384,4,11,5,2026-05-08
385,75,30,2,2026-03-17
386,54,36,2,2026-03-13
387,71,4,4,2026-04-07
388,90,21,2,2026-05-11
389,85,28,2,2026-03-15
390,2,26,5,2026-04-29
391,67,47,5,2026-03-11
392,19,13,4,2026-03-31
393,92,41,4,2026-03-26
394,77,31,1,2026-05-19
395,72,37,3,2026-04-26
396,40,43,1,2026-03-21
397,32,1,4,2026-04-03
398,23,4,3,2026-04-29
399,89,9,2,2026-03-31
400,91,31,5,2026-03-17
401,89,7,4,2026-03-08
402,61,26,4,2026-05-21
403,70,20,1,2026-03-08
404,2,23,4,2026-04-17
405,48,41,5,2026-05-19
406,84,27,3,2026-05-24
407,44,12,1,2026-03-28
408,30,20,2,2026-04-04
409,59,32,5,2026-05-12
410,92,36,1,2026-04-19
411,2,33,3,2026-05-03
412,85,7,4,2026-03-02
413,85,40,2,2026-03-19
414,95,46,2,2026-03-27
415,69,46,3,2026-05-18
416,15,12,3,2026-05-12
417,12,43,5,2026-03-15
418,51,12,3,2026-04-14
419,78,42,4,2026-04-13
420,90,14,4,2026-05-06
421,41,8,4,2026-03-06
422,77,4,3,2026-05-02
423,11,2,1,2026-05-17
424,32,25,1,2026-05-17
425,68,23,5,2026-03-04
426,48,44,3,2026-04-10
427,39,21,1,2026-02-27
428,47,40,5,2026-03-31
429,32,47,2,2026-03-18
430,21,20,5,2026-03-07
431,82,37,2,2026-04-01
432,16,50,3,2026-03-31
433,19,40,1,2026-04-23
434,50,12,5,2026-04-18
435,58,30,4,2026-04-06
436,38,44,3,2026-02-24
437,71,46,2,2026-04-19
438,38,40,1,2026-05-05
439,60,19,3,2026-03-31
440,19,1,1,2026-03-21
441,27,1,2,2026-05-02
442,28,50,4,2026-04-02
443,11,45,1,2026-05-04
444,49,9,4,2026-04-19
445,14,24,4,2026-03-22
446,8,26,5,2026-04-14
447,79,43,2,2026-04-06
448,13,2,1,2026-03-04
449,15,41,4,2026-04-22
450,31,2,3,2026-04-29
451,94,7,2,2026-03-11
452,63,31,2,2026-03-27
453,29,20,4,2026-05-22
454,91,12,5,2026-03-01
455,7,6,3,2026-04-18
456,65,41,1,2026-04-20
457,60,50,4,2026-05-14
458,64,13,3,2026-03-17
459,83,45,4,2026-02-27
460,91,13,5,2026-05-16
461,92,42,3,2026-03-08
462,71,44,1,2026-03-30
463,34,6,5,2026-04-02
464,23,29,5,2026-03-20
465,49,32,5,2026-04-12
466,28,20,5,2026-04-24
467,47,11,5,2026-03-27
468,56,17,3,2026-05-13
469,8,45,3,2026-04-22
470,41,2,3,2026-03-11
471,91,25,4,2026-02-28
472,14,25,2,2026-04-06
473,15,9,5,2026-03-02
474,10,15,3,2026-04-20
475,26,4,1,2026-04-08
476,48,17,3,2026-03-01
477,37,12,3,2026-03-13
478,56,22,5,2026-03-28
479,56,31,3,2026-04-15
480,58,38,2,2026-03-18
481,59,38,4,2026-04-21
482,16,24,4,2026-03-08
483,1,26,4,2026-05-18
484,54,42,2,2026-03-23
485,34,30,3,2026-05-03
486,61,24,4,2026-04-06
487,94,36,5,2026-05-15
488,64,16,5,2026-02-25
489,59,26,3,2026-05-12
490,32,48,5,2026-05-05
491,42,5,5,2026-05-24
492,95,2,1,2026-05-24
493,73,41,5,2026-03-03
494,31,13,4,2026-03-23
495,14,21,4,2026-04-25
496,22,24,1,2026-03-26
497,47,19,2,2026-02-24
498,7,21,3,2026-05-15
499,34,47,4,2026-05-03
500,25,46,2,2026-04-02
501,89,27,3,2026-05-04
502,24,13,2,2026-04-26
503,67,26,3,2026-04-23
504,29,7,1,2026-03-17
505,88,10,1,2026-02-27
506,96,37,1,2026-04-11
507,96,4,5,2026-03-18
508,86,3,1,2026-04-28
509,75,40,4,2026-04-25
510,24,20,5,2026-05-20
511,59,35,2,2026-04-02
512,90,31,2,2026-04-28
513,70,29,4,2026-03-19
514,58,14,3,2026-04-18
515,37,39,2,2026-05-03
516,92,18,1,2026-04-18
517,93,19,3,2026-05-07
518,49,5,2,2026-03-07
519,17,48,3,2026-05-01
520,60,27,5,2026-05-20
521,74,6,3,2026-03-22
522,48,6,2,2026-05-23
523,63,37,1,2026-02-28
524,14,11,3,2026-03-13
525,68,29,4,2026-03-25
526,40,7,1,2026-05-16
527,91,4,5,2026-03-16
528,50,15,3,2026-03-31
529,21,31,5,2026-04-20
530,35,17,4,2026-03-17
531,97,34,3,2026-05-07
532,36,29,3,2026-05-23
533,82,18,2,2026-04-05
534,54,38,3,2026-05-02
535,49,38,5,2026-05-01
536,49,2,4,2026-03-08
537,34,50,4,2026-03-04
538,55,24,4,2026-05-03
539,44,39,2,2026-04-12
540,80,38,5,2026-04-27
541,41,37,1,2026-03-17
542,50,12,3,2026-04-14
543,14,42,2,2026-03-20
544,48,50,1,2026-04-10
545,12,48,4,2026-04-12
546,56,14,5,2026-03-16
547,95,13,4,2026-04-14
548,43,11,3,2026-04-19
549,67,26,2,2026-04-12
550,68,42,2,2026-03-01
551,54,22,3,2026-05-11
552,63,6,1,2026-04-05
553,23,18,1,2026-05-16
554,98,15,3,2026-03-20
555,52,28,1,2026-03-17
556,67,28,4,2026-04-27
557,49,45,2,2026-04-17
558,21,39,1,2026-04-21
559,29,37,2,2026-02-27
560,61,24,5,2026-04-02
561,35,3,1,2026-03-26
562,52,42,3,2026-03-19
563,99,29,5,2026-05-19
564,92,50,4,2026-03-14
565,68,36,3,2026-05-24
566,64,41,1,2026-03-21
567,61,36,1,2026-05-01
568,30,25,1,2026-03-29
569,23,39,3,2026-03-28
570,42,23,5,2026-04-06
571,62,42,3,2026-04-16
572,16,2,1,2026-05-24
573,13,14,5,2026-05-01
574,93,3,3,2026-03-05
575,1,45,5,2026-03-03
576,25,8,1,2026-04-18
577,25,13,1,2026-05-11
578,8,16,1,2026-04-23
579,79,1,1,2026-02-27
580,73,15,2,2026-04-05
581,49,13,2,2026-04-09
582,100,34,1,2026-03-04
583,9,22,5,2026-04-16
584,70,20,4,2026-04-08
585,6,42,5,2026-04-18
586,2,15,4,2026-03-01
587,48,17,2,2026-04-27
588,35,13,1,2026-04-24
589,89,24,3,2026-03-20
590,20,41,4,2026-04-22
591,33,6,2,2026-04-06
592,15,28,1,2026-03-03
593,52,40,1,2026-04-16
594,38,25,2,2026-03-05
595,34,8,2,2026-03-01
596,20,42,5,2026-04-24
597,29,34,4,2026-04-17
598,55,50,1,2026-03-13
599,60,29,2,2026-04-22
600,81,20,3,2026-03-25
601,7,17,1,2026-05-09
602,19,31,1,2026-03-27
603,26,3,1,2026-05-01
604,76,30,4,2026-04-07
605,21,32,1,2026-04-28
606,99,16,1,2026-02-24
607,39,39,5,2026-04-03
608,99,14,3,2026-04-06
609,43,8,4,2026-05-16
610,75,40,1,2026-02-27
611,83,38,2,2026-03-20
612,76,7,3,2026-04-11
613,50,36,2,2026-04-19
614,90,4,2,2026-04-30
615,40,11,4,2026-04-10
616,98,42,4,2026-04-10
617,86,30,3,2026-04-21
618,36,28,3,2026-05-17
619,95,15,4,2026-04-06
620,80,27,2,2026-05-01
621,94,30,1,2026-04-25
622,29,13,2,2026-02-25
623,25,43,5,2026-05-10
624,87,2,3,2026-04-05
625,21,26,1,2026-04-11
626,20,43,3,2026-05-06
627,9,8,5,2026-05-05
628,53,31,1,2026-03-25
629,83,26,2,2026-03-27
630,51,47,2,2026-05-06
631,96,9,1,2026-05-23
632,67,30,5,2026-04-30
633,50,2,4,2026-04-20
634,14,7,5,2026-02-24
635,96,39,2,2026-05-08
636,58,21,5,2026-04-22
637,33,20,2,2026-04-29
638,89,35,3,2026-03-27
639,91,49,3,2026-05-09
640,15,6,3,2026-03-13
641,13,25,3,2026-04-30
642,52,9,5,2026-03-02
643,95,7,2,2026-03-09
644,33,48,1,2026-03-12
645,20,11,2,2026-03-05
646,47,34,4,2026-04-03
647,87,35,3,2026-02-27
648,95,44,5,2026-05-10
649,98,28,4,2026-03-03
650,43,47,1,2026-05-06
651,34,16,5,2026-03-31
652,58,5,3,2026-03-29
653,8,39,3,2026-05-08
654,12,39,4,2026-05-19
655,51,15,4,2026-03-16
656,85,3,2,2026-04-26
657,25,25,3,2026-03-10
658,9,28,4,2026-03-26
659,85,35,5,2026-03-22
660,65,39,2,2026-03-15
661,86,33,4,2026-03-17
662,48,10,3,2026-05-09
663,35,40,4,2026-04-27
664,69,43,1,2026-04-23
665,32,49,3,2026-04-17
666,70,27,4,2026-04-05
667,70,5,2,2026-02-27
668,44,31,4,2026-03-28
669,21,34,4,2026-03-05
670,92,30,5,2026-04-22
671,54,9,2,2026-03-27
672,13,24,2,2026-04-24
673,98,48,1,2026-03-03
674,8,2,1,2026-03-15
675,16,49,3,2026-05-08
676,72,34,1,2026-03-24
677,94,24,1,2026-04-26
678,47,38,2,2026-02-27
679,5,11,2,2026-04-08
680,89,33,3,2026-03-25
681,48,12,4,2026-03-29
682,37,12,3,2026-04-27
683,26,39,4,2026-05-01
684,51,40,4,2026-04-21
685,18,42,4,2026-03-21
686,53,26,5,2026-03-04
687,18,10,4,2026-04-02
688,92,20,3,2026-04-29
689,80,46,5,2026-04-25
690,43,37,1,2026-03-07
691,40,50,1,2026-02-28
692,21,8,4,2026-03-29
693,37,33,4,2026-03-17
694,12,50,5,2026-05-23
695,18,16,4,2026-04-24
696,11,34,4,2026-03-05
697,13,42,1,2026-02-24
698,14,31,5,2026-02-24
699,60,11,4,2026-04-28
700,28,11,5,2026-02-27
701,57,1,2,2026-03-09
702,69,9,5,2026-04-16
703,3,43,3,2026-04-22
704,44,42,5,2026-05-17
705,55,27,2,2026-03-24
706,25,6,4,2026-03-13
707,59,11,3,2026-03-27
708,55,36,3,2026-04-19
709,54,10,1,2026-05-04
710,69,5,1,2026-05-07
711,90,37,1,2026-03-31
712,71,11,5,2026-04-12
713,24,19,5,2026-04-17
714,54,41,3,2026-04-11
715,59,32,2,2026-05-09
716,2,19,4,2026-05-05
717,62,35,4,2026-05-18
718,58,4,5,2026-03-21
719,6,37,1,2026-03-13
720,65,12,2,2026-03-09
721,97,34,4,2026-04-23
722,39,39,3,2026-03-02
723,68,14,1,2026-03-11
724,3,31,3,2026-05-05
725,11,35,5,2026-03-17
726,6,1,3,2026-04-06
727,64,36,2,2026-03-13
728,45,6,3,2026-03-07
729,76,12,4,2026-02-25
730,86,17,4,2026-05-21
731,91,29,1,2026-03-05
732,45,20,5,2026-05-24
733,98,9,4,2026-03-17
734,17,32,4,2026-02-26
735,86,45,4,2026-05-13
736,10,30,4,2026-05-10
737,44,44,4,2026-03-03
738,12,25,1,2026-03-21
739,82,43,1,2026-03-07
740,36,20,3,2026-03-03
741,66,23,2,2026-04-21
742,7,43,4,2026-05-15
743,72,18,1,2026-04-23
744,68,20,4,2026-03-15
745,59,12,3,2026-05-23
746,29,19,2,2026-04-23
747,98,44,5,2026-03-27
748,5,37,3,2026-03-23
749,9,24,4,2026-05-01
750,78,33,1,2026-04-24
751,44,9,1,2026-05-08
752,96,38,4,2026-04-01
753,49,24,3,2026-04-28
754,15,13,3,2026-03-26
755,99,1,4,2026-05-02
756,94,28,3,2026-05-21
757,12,35,4,2026-03-26
758,37,18,1,2026-05-22
759,89,35,4,2026-04-20
760,22,44,3,2026-03-27
761,34,47,5,2026-05-19
762,36,38,3,2026-04-08
763,7,14,3,2026-03-10
764,5,24,5,2026-03-01
765,89,33,3,2026-04-06
766,2,43,3,2026-04-12
767,50,7,1,2026-03-14
768,2,41,3,2026-04-19
769,75,31,4,2026-04-05
770,97,12,2,2026-03-09
771,21,2,3,2026-04-18
772,62,4,3,2026-05-10
773,80,27,3,2026-03-20
774,34,43,1,2026-03-01
775,23,41,3,2026-04-04
776,62,12,3,2026-04-09
777,99,20,2,2026-03-11
778,33,29,1,2026-04-18
779,87,46,3,2026-04-26
780,57,30,5,2026-05-20
781,77,40,2,2026-03-12
782,87,20,5,2026-04-25
783,22,13,5,2026-03-01
784,92,6,1,2026-04-09
785,4,19,1,2026-04-18
786,30,41,4,2026-03-01
787,48,31,1,2026-04-05
788,40,16,2,2026-04-09
789,87,35,2,2026-05-19
790,54,10,2,2026-04-14
791,22,48,4,2026-05-15
792,12,39,3,2026-04-01
793,57,50,1,2026-04-17
794,5,27,5,2026-04-24
795,64,22,1,2026-05-01
796,70,47,3,2026-03-26
797,1,39,4,2026-03-19
798,95,33,2,2026-03-22
799,99,1,1,2026-04-01
800,30,46,3,2026-05-20
801,80,36,2,2026-05-09
802,95,11,4,2026-03-21
803,43,49,1,2026-04-07
804,44,34,5,2026-03-04
805,98,33,1,2026-03-08
806,1,38,1,2026-04-23
807,10,30,3,2026-02-24
808,31,24,5,2026-05-02
809,50,10,3,2026-03-10
810,90,29,2,2026-03-21
811,100,34,3,2026-04-18
812,28,27,2,2026-03-06
813,46,29,3,2026-04-16
814,29,47,2,2026-04-23
815,83,18,5,2026-05-24
816,42,39,3,2026-05-09
817,56,43,5,2026-04-24
818,1,31,1,2026-05-01
819,39,42,5,2026-05-12
820,79,23,4,2026-05-23
821,68,30,4,2026-04-12
822,88,34,2,2026-04-17
823,32,50,5,2026-03-11
824,20,31,3,2026-03-06
825,68,32,1,2026-05-15
826,11,45,5,2026-05-22
827,83,22,4,2026-04-05
828,97,5,4,2026-04-27
829,36,33,1,2026-05-02
830,59,18,3,2026-04-07
831,93,38,5,2026-03-26
832,68,18,4,2026-03-02
833,26,10,2,2026-04-03
834,44,35,3,2026-04-28
835,28,25,5,2026-05-20
836,98,49,2,2026-03-31
837,48,26,1,2026-03-21
838,56,49,5,2026-04-03
839,85,23,2,2026-05-11
840,66,3,2,2026-05-02
841,18,48,4,2026-03-11
842,47,38,5,2026-03-07
843,78,48,1,2026-04-25
844,33,25,2,2026-03-04
845,19,38,4,2026-05-23
846,54,12,3,2026-04-28
847,65,11,4,2026-03-17
848,15,21,5,2026-03-19
849,40,12,1,2026-03-04
850,36,8,1,2026-03-16
851,28,15,3,2026-03-23
852,99,26,3,2026-04-19
853,83,48,2,2026-04-22
854,19,26,3,2026-02-25
855,69,31,4,2026-04-14
856,81,36,3,2026-05-11
857,95,37,2,2026-03-28
858,1,34,4,2026-04-25
859,84,40,5,2026-03-28
860,38,13,4,2026-03-03
861,19,12,1,2026-04-04
862,68,39,4,2026-03-10
863,41,2,2,2026-04-18
864,93,36,4,2026-02-24
865,9,18,3,2026-04-20
866,63,43,4,2026-03-14
867,39,47,3,2026-04-17
868,65,37,4,2026-03-27
869,20,13,5,2026-05-21
870,97,18,1,2026-03-25
871,22,43,5,2026-05-02
872,2,46,3,2026-04-23
873,53,37,1,2026-04-19
874,77,30,5,2026-04-25
875,10,38,3,2026-04-15
876,36,34,2,2026-05-14
877,48,30,3,2026-03-27
878,56,50,1,2026-03-07
879,94,7,4,2026-05-05
880,3,49,3,2026-04-30
881,4,34,3,2026-03-30
882,4,24,2,2026-03-08
883,88,13,1,2026-04-02
884,25,44,2,2026-04-28
885,17,24,3,2026-03-25
886,3,29,5,2026-05-10
887,15,30,4,2026-04-24
888,70,25,1,2026-05-06
889,45,12,4,2026-04-04
890,10,19,5,2026-04-10
891,46,43,5,2026-03-17
892,12,29,4,2026-03-18
893,60,20,1,2026-03-20
894,98,31,3,2026-05-11
895,3,28,3,2026-05-15
896,17,2,3,2026-04-04
897,88,20,2,2026-04-10
898,60,5,2,2026-02-27
899,48,41,4,2026-03-03
900,60,32,2,2026-02-28
901,4,37,1,2026-05-17
902,76,5,1,2026-04-04
903,43,31,2,2026-05-02
904,46,10,2,2026-03-25
905,60,19,3,2026-04-04
906,76,22,3,2026-03-05
907,64,26,5,2026-04-13
908,55,42,2,2026-03-17
909,1,9,4,2026-04-16
910,93,43,1,2026-04-27
911,85,7,4,2026-04-05
912,64,34,2,2026-03-26
913,97,39,5,2026-04-05
914,81,39,2,2026-05-16
915,2,10,2,2026-03-09
916,96,42,4,2026-04-26
917,24,48,4,2026-03-17
918,12,47,4,2026-04-16
919,76,40,4,2026-05-23
920,94,34,1,2026-03-21
921,19,1,5,2026-05-07
922,41,23,2,2026-05-06
923,23,10,5,2026-04-01
924,95,42,5,2026-03-29
925,28,47,2,2026-05-13
926,77,44,4,2026-03-20
927,93,4,3,2026-04-06
928,49,40,4,2026-03-01
929,62,19,3,2026-03-26
930,10,32,1,2026-03-16
931,70,22,5,2026-03-18
932,99,49,4,2026-04-20
933,43,40,2,2026-05-16
934,70,36,2,2026-04-16
935,85,23,5,2026-04-10
936,73,49,3,2026-05-23
937,89,15,1,2026-03-04
938,72,6,3,2026-05-02
939,66,32,3,2026-05-04
940,15,6,2,2026-05-22
941,76,33,2,2026-03-10
942,85,46,4,2026-04-23
943,11,47,3,2026-03-10
944,43,10,2,2026-05-15
945,68,31,5,2026-04-22
946,26,15,2,2026-05-17
947,31,13,4,2026-04-26
948,63,36,4,2026-03-10
949,90,4,1,2026-05-09
950,97,38,4,2026-04-04
951,94,33,4,2026-04-17
952,39,50,3,2026-03-12
953,66,23,2,2026-03-03
954,72,16,3,2026-03-14
955,90,5,3,2026-03-17
956,73,29,1,2026-03-30
957,97,17,5,2026-05-12
958,58,7,3,2026-05-16
959,64,2,2,2026-03-09
960,9,44,5,2026-03-30
961,37,5,3,2026-04-21
962,82,2,2,2026-05-11
963,17,38,2,2026-04-28
964,65,20,3,2026-05-16
965,56,8,5,2026-05-18
966,85,47,1,2026-04-15
967,80,6,1,2026-04-15
968,96,7,5,2026-05-07
969,89,34,3,2026-03-15
970,67,16,3,2026-02-26
971,37,16,4,2026-02-25
972,92,1,4,2026-04-21
973,7,13,1,2026-05-05
974,42,26,4,2026-05-04
975,81,16,3,2026-03-18
976,51,34,5,2026-03-23
977,4,39,4,2026-03-14
978,47,19,5,2026-05-08
979,42,29,1,2026-03-27
980,87,15,1,2026-04-26
981,57,44,2,2026-04-16
982,40,41,3,2026-03-22
983,52,22,2,2026-04-08
984,18,12,2,2026-04-01
985,10,37,4,2026-04-08
986,99,50,1,2026-04-22
987,55,42,5,2026-05-18
988,43,18,4,2026-03-06
989,43,6,3,2026-03-04
990,55,8,1,2026-05-23
991,35,5,4,2026-04-16
992,33,29,4,2026-04-28
993,59,43,1,2026-05-10
994,88,10,5,2026-04-07
995,15,12,4,2026-05-14
996,94,32,3,2026-03-04
997,13,23,3,2026-05-01
998,40,30,3,2026-04-22
999,13,19,5,2026-03-17
1000,44,14,5,2026-03-30
1001,10,5,2,2026-05-26
1002,20,8,1,2026-05-26
1003,32,29,5,2026-05-26
